ImageId,True Label, Predicted Label
1,9,9
2,9,9
3,0,0
4,8,8
5,0,0
6,3,3
7,0,0
8,2,2
9,8,9
10,0,0
11,2,2
12,7,7
13,1,1
14,6,6
15,4,4
16,3,8
17,5,5
18,5,5
19,4,4
20,5,6
21,2,2
22,2,2
23,8,8
24,6,6
25,4,4
26,4,4
27,0,0
28,9,9
29,4,4
30,4,4
31,6,6
32,0,0
33,0,0
34,5,5
35,7,7
36,5,5
37,8,8
38,4,4
39,8,8
40,3,3
41,7,7
42,3,3
43,1,1
44,1,1
45,8,8
46,5,5
47,7,7
48,2,2
49,5,5
50,8,8
51,7,7
52,2,2
53,6,6
54,9,9
55,0,0
56,3,5
57,4,4
58,7,7
59,7,7
60,6,6
61,6,6
62,3,3
63,3,3
64,6,6
65,5,5
66,6,6
67,1,8
68,3,3
69,8,8
70,8,8
71,6,6
72,0,0
73,6,6
74,9,9
75,8,8
76,6,6
77,3,3
78,9,9
79,9,9
80,1,1
81,7,7
82,9,4
83,8,0
84,6,6
85,0,0
86,5,5
87,4,4
88,8,9
89,2,2
90,9,7
91,3,3
92,7,7
93,6,6
94,8,8
95,7,7
96,3,5
97,4,4
98,1,1
99,8,3
100,3,3
101,9,9
102,8,8
103,5,5
104,0,0
105,3,3
106,6,0
107,5,5
108,8,8
109,5,4
110,7,9
111,5,8
112,6,6
113,2,2
114,9,4
115,6,6
116,6,6
117,3,7
118,4,4
119,9,5
120,2,7
121,0,0
122,2,2
123,1,1
124,0,0
125,2,2
126,9,9
127,2,7
128,2,5
129,5,5
130,0,0
131,5,5
132,9,9
133,0,0
134,3,3
135,8,8
136,0,0
137,3,3
138,3,3
139,6,6
140,3,3
141,7,7
142,4,4
143,1,1
144,4,4
145,6,6
146,7,2
147,0,0
148,3,3
149,7,7
150,5,3
151,3,3
152,1,1
153,6,6
154,1,1
155,6,6
156,4,4
157,7,7
158,6,6
159,2,8
160,4,9
161,9,9
162,7,7
163,0,0
164,4,4
165,8,2
166,1,1
167,3,3
168,0,0
169,4,4
170,3,2
171,4,4
172,2,2
173,5,5
174,7,7
175,8,8
176,1,1
177,0,0
178,3,3
179,6,6
180,7,7
181,7,7
182,1,1
183,6,6
184,1,1
185,2,2
186,0,0
187,5,5
188,5,5
189,0,0
190,8,8
191,7,7
192,2,2
193,3,2
194,3,3
195,1,1
196,5,5
197,9,9
198,0,0
199,9,9
200,1,1
201,0,0
202,2,2
203,1,1
204,0,0
205,8,8
206,1,1
207,9,9
208,7,7
209,9,9
210,0,0
211,3,3
212,1,1
213,9,9
214,7,7
215,0,0
216,4,4
217,2,2
218,8,8
219,3,3
220,6,6
221,3,3
222,8,8
223,1,1
224,8,8
225,1,8
226,4,4
227,8,8
228,9,9
229,1,1
230,3,3
231,4,4
232,8,5
233,9,9
234,2,2
235,0,0
236,0,0
237,0,0
238,4,4
239,1,1
240,3,3
241,0,0
242,7,7
243,2,2
244,3,3
245,4,4
246,5,5
247,4,4
248,7,7
249,0,0
250,7,9
251,6,6
252,2,2
253,9,9
254,4,4
255,0,0
256,8,8
257,1,1
258,3,3
259,1,1
260,1,1
261,8,9
262,8,8
263,3,2
264,5,6
265,6,6
266,1,1
267,3,3
268,5,5
269,7,2
270,2,2
271,1,1
272,1,1
273,0,0
274,8,9
275,4,4
276,7,7
277,7,7
278,5,5
279,2,2
280,1,1
281,4,4
282,5,5
283,4,9
284,1,1
285,1,1
286,3,3
287,6,6
288,7,7
289,0,0
290,1,1
291,8,8
292,9,9
293,2,2
294,7,7
295,8,8
296,7,7
297,3,3
298,7,7
299,0,0
300,7,7
301,9,9
302,9,9
303,0,0
304,0,0
305,2,2
306,7,5
307,1,8
308,3,3
309,3,3
310,1,1
311,0,0
312,1,1
313,0,0
314,6,6
315,2,2
316,6,6
317,3,4
318,0,0
319,3,7
320,0,0
321,7,7
322,3,3
323,6,6
324,8,8
325,8,9
326,2,2
327,3,0
328,0,0
329,5,5
330,7,7
331,8,1
332,6,6
333,6,6
334,5,5
335,0,0
336,3,9
337,8,8
338,8,8
339,9,9
340,1,1
341,5,5
342,9,9
343,5,4
344,6,6
345,2,2
346,6,6
347,5,5
348,7,7
349,0,0
350,5,5
351,6,6
352,3,3
353,2,2
354,5,5
355,0,0
356,7,7
357,5,5
358,1,1
359,2,2
360,0,0
361,6,6
362,9,9
363,1,1
364,8,8
365,7,7
366,7,7
367,3,3
368,2,2
369,6,6
370,2,2
371,2,2
372,4,4
373,0,0
374,9,9
375,4,4
376,5,5
377,9,7
378,2,2
379,8,8
380,1,1
381,4,4
382,0,0
383,1,1
384,3,3
385,8,9
386,5,5
387,3,3
388,8,8
389,6,6
390,6,2
391,1,1
392,8,8
393,7,7
394,5,3
395,2,2
396,2,2
397,6,6
398,9,9
399,9,9
400,2,2
401,6,6
402,7,7
403,4,9
404,0,0
405,7,7
406,9,9
407,3,3
408,0,0
409,5,5
410,1,1
411,3,2
412,4,4
413,1,1
414,9,9
415,2,2
416,8,8
417,2,2
418,1,1
419,4,4
420,8,9
421,4,4
422,5,5
423,4,4
424,6,6
425,9,9
426,7,9
427,4,4
428,2,2
429,6,5
430,7,7
431,8,8
432,0,0
433,2,2
434,1,1
435,4,4
436,0,0
437,3,3
438,4,4
439,1,1
440,0,0
441,3,3
442,2,2
443,3,3
444,0,0
445,3,3
446,8,8
447,7,7
448,3,3
449,5,5
450,5,5
451,4,4
452,4,4
453,1,1
454,7,7
455,9,9
456,3,3
457,0,0
458,7,7
459,7,7
460,8,8
461,4,4
462,1,1
463,8,8
464,4,4
465,7,7
466,3,3
467,1,1
468,3,3
469,7,7
470,2,2
471,3,3
472,9,9
473,2,2
474,1,1
475,8,8
476,1,1
477,1,1
478,0,0
479,9,9
480,6,6
481,9,9
482,1,1
483,8,9
484,0,0
485,9,9
486,0,0
487,0,0
488,1,1
489,5,5
490,2,2
491,7,7
492,9,4
493,9,9
494,7,2
495,4,4
496,9,9
497,5,5
498,2,2
499,1,1
500,8,5
501,4,6
502,0,0
503,2,2
504,6,6
505,1,1
506,4,4
507,4,4
508,8,1
509,2,2
510,0,0
511,9,9
512,4,4
513,6,6
514,6,6
515,5,5
516,8,8
517,2,2
518,1,1
519,0,0
520,5,5
521,2,4
522,1,1
523,5,5
524,9,9
525,9,9
526,2,2
527,3,8
528,4,4
529,5,3
530,3,3
531,1,9
532,1,1
533,9,7
534,7,7
535,1,1
536,2,2
537,9,9
538,4,4
539,3,3
540,4,4
541,1,1
542,3,3
543,1,1
544,7,7
545,3,3
546,3,3
547,2,2
548,0,0
549,0,0
550,9,7
551,9,9
552,4,4
553,1,1
554,4,4
555,3,3
556,9,9
557,5,5
558,5,5
559,8,8
560,4,4
561,5,5
562,3,3
563,5,5
564,3,3
565,7,7
566,2,2
567,2,2
568,4,4
569,5,5
570,5,5
571,5,6
572,2,2
573,8,9
574,9,9
575,8,8
576,1,1
577,1,1
578,1,1
579,2,2
580,6,6
581,1,1
582,1,1
583,3,3
584,6,6
585,8,8
586,5,9
587,3,3
588,5,5
589,0,0
590,5,5
591,7,7
592,1,1
593,3,3
594,3,7
595,2,2
596,1,1
597,8,8
598,0,0
599,6,6
600,1,1
601,7,7
602,9,9
603,9,9
604,4,4
605,4,4
606,0,0
607,7,7
608,8,9
609,3,3
610,4,5
611,9,9
612,6,6
613,4,9
614,0,0
615,6,6
616,3,3
617,7,9
618,2,2
619,4,2
620,9,9
621,0,0
622,0,0
623,9,9
624,9,9
625,1,1
626,4,4
627,6,6
628,8,8
629,3,2
630,4,4
631,9,9
632,9,9
633,1,1
634,0,0
635,5,5
636,9,9
637,0,0
638,1,1
639,7,7
640,5,9
641,3,3
642,2,2
643,1,1
644,5,5
645,5,5
646,1,1
647,7,7
648,0,0
649,5,8
650,7,7
651,6,6
652,4,9
653,1,1
654,9,9
655,3,3
656,4,4
657,0,0
658,9,9
659,0,0
660,2,2
661,4,4
662,8,8
663,3,8
664,6,4
665,0,0
666,1,1
667,5,5
668,1,9
669,2,2
670,9,3
671,7,7
672,2,3
673,7,7
674,7,7
675,6,6
676,2,2
677,1,3
678,8,8
679,8,9
680,4,4
681,0,0
682,0,0
683,5,5
684,9,9
685,0,0
686,7,7
687,3,3
688,3,3
689,5,5
690,9,9
691,1,1
692,5,5
693,8,8
694,5,5
695,5,5
696,2,2
697,5,5
698,9,9
699,3,3
700,1,1
701,6,6
702,4,4
703,3,3
704,1,1
705,9,9
706,5,9
707,1,4
708,9,9
709,9,9
710,4,4
711,9,7
712,9,9
713,9,9
714,5,5
715,8,7
716,1,1
717,4,4
718,4,4
719,7,7
720,3,3
721,7,7
722,5,5
723,4,4
724,9,9
725,7,7
726,1,1
727,7,7
728,6,6
729,8,8
730,3,3
731,9,9
732,4,4
733,9,9
734,0,0
735,1,9
736,8,9
737,9,9
738,8,5
739,3,3
740,7,7
741,5,5
742,5,5
743,7,7
744,8,8
745,9,9
746,2,2
747,0,0
748,4,4
749,6,6
750,2,1
751,6,6
752,3,3
753,2,2
754,1,1
755,5,5
756,2,2
757,6,6
758,3,3
759,4,4
760,3,3
761,3,3
762,3,3
763,4,4
764,8,9
765,0,0
766,6,6
767,6,6
768,6,6
769,3,3
770,7,7
771,1,1
772,9,9
773,6,6
774,3,3
775,9,9
776,3,2
777,9,9
778,9,9
779,9,4
780,9,9
781,8,8
782,7,7
783,3,3
784,0,0
785,0,0
786,1,1
787,5,5
788,7,7
789,1,1
790,2,1
791,1,1
792,7,7
793,0,0
794,4,4
795,7,7
796,6,6
797,3,3
798,8,8
799,4,4
800,4,4
801,6,6
802,6,6
803,3,3
804,7,7
805,8,8
806,1,1
807,2,2
808,5,5
809,4,4
810,6,6
811,7,9
812,4,4
813,7,7
814,2,2
815,5,9
816,1,1
817,4,4
818,4,4
819,3,3
820,8,8
821,0,0
822,3,3
823,3,3
824,3,2
825,7,7
826,2,2
827,7,7
828,7,7
829,3,3
830,4,9
831,5,5
832,6,6
833,2,2
834,7,7
835,8,8
836,0,0
837,4,4
838,4,4
839,8,3
840,0,0
841,6,6
842,1,1
843,1,1
844,8,8
845,3,3
846,0,0
847,1,1
848,2,2
849,5,5
850,1,1
851,4,4
852,0,0
853,8,9
854,4,4
855,9,9
856,5,5
857,1,9
858,4,4
859,0,0
860,4,4
861,9,9
862,9,7
863,8,8
864,9,7
865,4,4
866,6,6
867,7,7
868,2,8
869,8,8
870,2,8
871,3,3
872,9,9
873,7,0
874,2,2
875,7,7
876,2,2
877,8,9
878,3,3
879,5,5
880,6,6
881,6,6
882,5,4
883,1,1
884,5,5
885,9,9
886,7,7
887,8,9
888,8,8
889,6,6
890,7,7
891,4,4
892,8,1
893,2,2
894,0,0
895,1,1
896,7,7
897,5,5
898,8,8
899,5,5
900,1,1
901,1,1
902,0,0
903,1,1
904,1,1
905,5,5
906,9,9
907,5,5
908,2,2
909,4,4
910,3,3
911,8,9
912,6,6
913,3,3
914,3,3
915,0,0
916,4,4
917,8,6
918,1,1
919,6,6
920,3,3
921,2,2
922,8,8
923,4,4
924,0,0
925,3,3
926,9,9
927,5,5
928,7,7
929,1,1
930,4,4
931,0,0
932,9,9
933,5,5
934,0,0
935,4,4
936,3,3
937,5,5
938,1,1
939,8,8
940,8,5
941,9,9
942,3,8
943,4,9
944,5,5
945,0,7
946,3,3
947,5,5
948,0,0
949,6,6
950,8,8
951,0,0
952,9,9
953,0,0
954,8,8
955,3,3
956,4,4
957,8,8
958,4,9
959,9,9
960,2,2
961,9,9
962,4,9
963,4,4
964,5,5
965,7,7
966,3,2
967,9,9
968,8,9
969,4,4
970,8,8
971,4,4
972,6,6
973,7,7
974,2,2
975,0,0
976,8,8
977,1,1
978,7,7
979,3,3
980,0,0
981,7,5
982,4,4
983,4,4
984,3,3
985,2,2
986,1,1
987,0,0
988,9,3
989,6,6
990,6,6
991,3,3
992,2,2
993,4,4
994,4,4
995,4,4
996,6,6
997,7,7
998,0,0
999,6,6
1000,5,5
1001,3,3
1002,2,2
1003,4,4
1004,2,2
1005,0,0
1006,4,4
1007,6,6
1008,9,9
1009,3,3
1010,8,8
1011,2,2
1012,0,0
1013,2,2
1014,4,4
1015,5,5
1016,3,3
1017,9,9
1018,0,0
1019,6,6
1020,3,3
1021,3,3
1022,4,4
1023,9,9
1024,2,6
1025,3,3
1026,8,8
1027,4,4
1028,3,3
1029,7,7
1030,0,0
1031,8,9
1032,1,8
1033,9,9
1034,4,4
1035,4,4
1036,7,7
1037,5,5
1038,8,8
1039,1,1
1040,7,7
1041,1,1
1042,0,0
1043,1,1
1044,9,9
1045,5,5
1046,7,7
1047,2,2
1048,7,7
1049,7,7
1050,0,0
1051,3,3
1052,6,9
1053,7,7
1054,4,4
1055,6,6
1056,4,4
1057,0,0
1058,7,7
1059,5,5
1060,9,9
1061,7,7
1062,3,3
1063,5,5
1064,9,9
1065,9,9
1066,4,4
1067,2,2
1068,4,4
1069,4,4
1070,1,1
1071,8,8
1072,9,9
1073,6,6
1074,0,0
1075,9,9
1076,6,6
1077,9,9
1078,9,9
1079,2,2
1080,3,3
1081,0,0
1082,4,4
1083,2,2
1084,8,8
1085,0,0
1086,3,7
1087,0,8
1088,8,5
1089,2,2
1090,8,8
1091,0,0
1092,3,3
1093,6,6
1094,2,2
1095,5,5
1096,5,5
1097,8,5
1098,8,8
1099,3,3
1100,1,1
1101,0,0
1102,4,9
1103,4,4
1104,5,5
1105,0,0
1106,3,3
1107,6,6
1108,0,0
1109,6,6
1110,5,4
1111,4,4
1112,2,2
1113,1,1
1114,4,4
1115,5,5
1116,0,0
1117,9,9
1118,3,3
1119,6,6
1120,1,1
1121,6,6
1122,3,3
1123,7,7
1124,7,7
1125,8,9
1126,9,9
1127,0,0
1128,4,4
1129,2,2
1130,7,7
1131,6,6
1132,3,3
1133,1,1
1134,0,0
1135,1,1
1136,6,6
1137,8,8
1138,9,9
1139,4,4
1140,4,4
1141,0,0
1142,8,8
1143,7,7
1144,3,3
1145,2,2
1146,7,7
1147,4,4
1148,8,5
1149,4,4
1150,7,7
1151,9,9
1152,0,0
1153,2,2
1154,1,1
1155,8,8
1156,4,4
1157,0,0
1158,6,6
1159,9,9
1160,8,9
1161,6,6
1162,2,2
1163,7,7
1164,1,1
1165,1,1
1166,8,8
1167,9,9
1168,3,5
1169,0,0
1170,6,6
1171,9,9
1172,7,7
1173,2,2
1174,2,2
1175,7,7
1176,3,3
1177,1,9
1178,6,6
1179,8,8
1180,0,0
1181,2,0
1182,2,2
1183,0,0
1184,0,0
1185,8,8
1186,4,4
1187,8,8
1188,0,0
1189,0,0
1190,3,3
1191,5,5
1192,1,1
1193,4,4
1194,9,9
1195,6,6
1196,8,9
1197,7,7
1198,3,5
1199,9,9
1200,9,9
1201,6,6
1202,0,0
1203,0,0
1204,1,6
1205,4,4
1206,4,4
1207,3,3
1208,7,7
1209,8,8
1210,6,6
1211,6,6
1212,6,6
1213,5,5
1214,9,9
1215,3,3
1216,3,3
1217,8,8
1218,9,9
1219,5,5
1220,3,3
1221,8,2
1222,7,7
1223,8,9
1224,7,7
1225,5,5
1226,3,3
1227,3,3
1228,9,9
1229,0,8
1230,0,0
1231,5,5
1232,1,1
1233,3,4
1234,8,8
1235,5,5
1236,0,0
1237,9,9
1238,3,3
1239,6,6
1240,9,9
1241,0,0
1242,8,8
1243,3,3
1244,8,8
1245,5,5
1246,0,0
1247,4,4
1248,2,2
1249,3,3
1250,9,7
1251,0,0
1252,2,2
1253,2,2
1254,0,0
1255,0,0
1256,0,0
1257,3,3
1258,4,9
1259,3,3
1260,6,6
1261,2,2
1262,2,8
1263,1,1
1264,3,3
1265,0,0
1266,0,0
1267,9,9
1268,0,0
1269,2,2
1270,7,7
1271,1,1
1272,2,4
1273,0,0
1274,9,9
1275,0,8
1276,5,5
1277,2,2
1278,6,6
1279,9,9
1280,8,8
1281,7,7
1282,1,1
1283,6,6
1284,4,4
1285,0,0
1286,7,7
1287,0,0
1288,0,0
1289,1,1
1290,7,7
1291,0,0
1292,2,2
1293,8,8
1294,1,1
1295,1,1
1296,9,9
1297,2,2
1298,6,6
1299,1,1
1300,8,8
1301,4,4
1302,2,2
1303,0,0
1304,9,9
1305,3,9
1306,9,9
1307,5,5
1308,7,7
1309,2,2
1310,9,9
1311,3,3
1312,4,4
1313,6,6
1314,5,5
1315,6,6
1316,7,7
1317,0,0
1318,9,5
1319,4,4
1320,6,6
1321,3,3
1322,3,3
1323,3,9
1324,7,7
1325,5,5
1326,8,8
1327,7,7
1328,8,8
1329,2,2
1330,9,9
1331,4,4
1332,6,6
1333,3,3
1334,7,7
1335,0,0
1336,4,4
1337,7,7
1338,4,4
1339,2,2
1340,3,3
1341,1,1
1342,2,2
1343,4,4
1344,1,1
1345,0,0
1346,6,6
1347,1,1
1348,9,9
1349,4,4
1350,3,3
1351,6,6
1352,1,6
1353,7,7
1354,5,5
1355,6,6
1356,4,4
1357,3,3
1358,9,9
1359,6,6
1360,3,3
1361,4,4
1362,7,7
1363,3,2
1364,3,3
1365,5,9
1366,8,8
1367,6,6
1368,0,2
1369,6,6
1370,1,2
1371,9,9
1372,2,2
1373,5,9
1374,4,4
1375,1,1
1376,4,4
1377,7,7
1378,5,5
1379,5,9
1380,7,9
1381,1,1
1382,4,4
1383,8,6
1384,1,1
1385,7,7
1386,7,7
1387,3,3
1388,0,0
1389,7,7
1390,4,4
1391,4,4
1392,6,6
1393,3,3
1394,8,8
1395,0,0
1396,5,4
1397,4,4
1398,2,2
1399,4,4
1400,1,1
1401,7,7
1402,6,6
1403,3,3
1404,1,8
1405,0,0
1406,1,9
1407,5,8
1408,9,9
1409,9,9
1410,5,5
1411,9,9
1412,8,8
1413,7,7
1414,3,3
1415,4,4
1416,8,8
1417,3,3
1418,1,1
1419,0,0
1420,3,3
1421,4,4
1422,0,0
1423,0,0
1424,0,0
1425,9,9
1426,6,6
1427,0,0
1428,6,6
1429,5,5
1430,9,9
1431,7,7
1432,7,7
1433,6,6
1434,7,7
1435,9,9
1436,2,2
1437,0,0
1438,2,2
1439,7,7
1440,3,3
1441,6,6
1442,1,1
1443,3,5
1444,9,9
1445,1,1
1446,7,7
1447,7,7
1448,0,0
1449,2,2
1450,3,3
1451,1,1
1452,3,3
1453,9,9
1454,0,0
1455,1,1
1456,7,7
1457,6,6
1458,1,1
1459,1,1
1460,1,1
1461,3,3
1462,8,9
1463,1,1
1464,0,0
1465,2,2
1466,1,9
1467,6,6
1468,7,7
1469,3,3
1470,1,1
1471,7,7
1472,5,5
1473,4,4
1474,6,6
1475,0,0
1476,0,0
1477,1,1
1478,0,0
1479,8,8
1480,6,6
1481,6,6
1482,4,4
1483,5,5
1484,6,6
1485,9,9
1486,6,6
1487,9,9
1488,1,1
1489,1,1
1490,8,8
1491,8,8
1492,9,9
1493,6,6
1494,9,9
1495,7,7
1496,3,3
1497,1,1
1498,4,4
1499,2,2
1500,4,4
1501,7,7
1502,2,2
1503,2,2
1504,5,5
1505,5,5
1506,8,5
1507,6,6
1508,6,6
1509,5,1
1510,9,7
1511,5,5
1512,8,4
1513,4,4
1514,4,4
1515,7,7
1516,6,6
1517,1,1
1518,6,6
1519,5,5
1520,4,4
1521,1,1
1522,2,2
1523,5,5
1524,8,8
1525,3,3
1526,9,9
1527,4,4
1528,7,7
1529,8,8
1530,2,2
1531,8,8
1532,3,3
1533,6,6
1534,2,2
1535,3,3
1536,7,7
1537,4,4
1538,9,4
1539,9,9
1540,0,0
1541,0,0
1542,6,6
1543,0,0
1544,9,9
1545,5,5
1546,3,3
1547,3,3
1548,1,1
1549,5,9
1550,1,1
1551,8,8
1552,2,5
1553,9,9
1554,0,0
1555,0,0
1556,0,0
1557,8,8
1558,3,3
1559,1,1
1560,2,8
1561,2,2
1562,0,0
1563,7,7
1564,7,7
1565,3,3
1566,5,5
1567,0,0
1568,8,9
1569,8,9
1570,0,0
1571,5,5
1572,6,6
1573,0,0
1574,8,8
1575,2,2
1576,0,0
1577,6,2
1578,1,1
1579,7,7
1580,0,0
1581,2,2
1582,2,2
1583,8,8
1584,9,9
1585,6,6
1586,6,6
1587,6,6
1588,1,1
1589,3,3
1590,8,4
1591,5,5
1592,9,0
1593,2,2
1594,0,0
1595,1,1
1596,3,5
1597,9,9
1598,3,3
1599,9,9
1600,4,4
1601,6,6
1602,5,5
1603,7,7
1604,9,9
1605,3,3
1606,8,8
1607,8,6
1608,9,9
1609,2,2
1610,5,5
1611,5,7
1612,3,3
1613,4,4
1614,1,1
1615,3,3
1616,9,3
1617,5,5
1618,2,2
1619,9,9
1620,5,5
1621,3,3
1622,4,4
1623,6,6
1624,1,1
1625,0,0
1626,8,8
1627,7,7
1628,1,1
1629,7,7
1630,9,9
1631,8,8
1632,5,5
1633,2,2
1634,3,3
1635,1,1
1636,0,0
1637,9,9
1638,1,1
1639,2,2
1640,6,6
1641,1,1
1642,4,4
1643,2,2
1644,3,5
1645,6,6
1646,7,7
1647,2,2
1648,3,3
1649,8,8
1650,0,0
1651,2,2
1652,2,2
1653,9,9
1654,6,6
1655,6,6
1656,6,6
1657,7,7
1658,6,6
1659,5,5
1660,1,9
1661,0,0
1662,5,5
1663,1,1
1664,9,9
1665,0,0
1666,7,7
1667,1,1
1668,0,0
1669,8,9
1670,0,0
1671,1,1
1672,8,8
1673,8,8
1674,6,6
1675,8,8
1676,4,4
1677,5,5
1678,2,2
1679,4,4
1680,4,4
1681,8,8
1682,6,6
1683,8,8
1684,0,0
1685,0,0
1686,0,0
1687,2,9
1688,9,9
1689,1,1
1690,2,2
1691,3,3
1692,7,7
1693,1,1
1694,3,3
1695,7,7
1696,8,8
1697,7,7
1698,8,8
1699,7,7
1700,6,6
1701,9,9
1702,4,4
1703,7,7
1704,2,2
1705,0,0
1706,9,9
1707,8,8
1708,4,4
1709,2,2
1710,8,9
1711,7,7
1712,1,1
1713,2,2
1714,2,2
1715,4,5
1716,5,5
1717,3,3
1718,0,0
1719,5,5
1720,8,8
1721,6,6
1722,2,2
1723,7,7
1724,0,0
1725,4,4
1726,5,5
1727,6,6
1728,8,6
1729,0,0
1730,8,1
1731,8,8
1732,6,6
1733,8,8
1734,3,3
1735,8,8
1736,7,7
1737,6,6
1738,4,4
1739,0,0
1740,9,9
1741,3,3
1742,1,1
1743,4,4
1744,0,0
1745,2,2
1746,9,9
1747,0,0
1748,4,4
1749,9,9
1750,7,7
1751,1,1
1752,2,2
1753,0,0
1754,3,5
1755,9,9
1756,8,9
1757,2,2
1758,6,6
1759,0,0
1760,5,5
1761,6,6
1762,0,0
1763,0,0
1764,9,9
1765,0,0
1766,5,5
1767,8,8
1768,8,8
1769,2,2
1770,9,9
1771,0,0
1772,4,4
1773,1,1
1774,6,6
1775,8,8
1776,7,9
1777,8,9
1778,8,8
1779,9,4
1780,0,0
1781,0,0
1782,6,6
1783,3,3
1784,4,4
1785,1,1
1786,9,9
1787,0,0
1788,8,8
1789,1,6
1790,2,2
1791,2,2
1792,7,7
1793,4,4
1794,4,4
1795,4,4
1796,7,7
1797,8,8
1798,0,0
1799,5,6
1800,5,5
1801,5,5
1802,8,1
1803,7,7
1804,1,1
1805,0,0
1806,4,4
1807,6,6
1808,3,3
1809,5,5
1810,4,4
1811,6,6
1812,0,6
1813,2,2
1814,3,3
1815,5,5
1816,0,0
1817,8,4
1818,2,2
1819,5,6
1820,1,1
1821,8,8
1822,6,6
1823,6,6
1824,2,2
1825,3,3
1826,5,5
1827,5,4
1828,0,0
1829,3,3
1830,2,8
1831,2,2
1832,3,0
1833,8,8
1834,7,7
1835,8,9
1836,9,9
1837,6,6
1838,8,8
1839,4,0
1840,5,5
1841,2,2
1842,0,6
1843,9,9
1844,1,1
1845,7,7
1846,8,8
1847,0,0
1848,9,9
1849,1,1
1850,3,5
1851,2,2
1852,0,0
1853,1,1
1854,7,7
1855,6,6
1856,1,1
1857,9,9
1858,3,3
1859,2,2
1860,3,3
1861,3,3
1862,5,8
1863,3,3
1864,7,7
1865,9,9
1866,3,3
1867,0,0
1868,6,6
1869,1,1
1870,3,9
1871,3,3
1872,6,6
1873,6,6
1874,8,9
1875,1,1
1876,8,2
1877,8,8
1878,2,8
1879,8,8
1880,5,5
1881,5,3
1882,3,4
1883,4,4
1884,0,0
1885,6,6
1886,8,8
1887,1,9
1888,7,7
1889,8,9
1890,5,5
1891,1,1
1892,7,7
1893,2,4
1894,4,4
1895,1,1
1896,2,2
1897,8,8
1898,5,8
1899,6,6
1900,0,0
1901,7,7
1902,0,0
1903,9,9
1904,1,1
1905,2,2
1906,6,6
1907,4,4
1908,7,7
1909,3,3
1910,4,4
1911,7,7
1912,4,4
1913,5,5
1914,3,2
1915,0,0
1916,2,2
1917,4,4
1918,6,6
1919,8,7
1920,2,2
1921,5,5
1922,1,1
1923,7,7
1924,1,1
1925,8,8
1926,0,0
1927,1,1
1928,7,7
1929,6,6
1930,3,3
1931,5,4
1932,0,0
1933,4,4
1934,5,5
1935,2,2
1936,1,1
1937,6,6
1938,2,2
1939,6,6
1940,5,5
1941,4,9
1942,9,9
1943,8,8
1944,0,0
1945,0,0
1946,6,6
1947,5,5
1948,0,0
1949,7,7
1950,1,1
1951,7,7
1952,9,9
1953,4,4
1954,9,9
1955,5,5
1956,4,4
1957,9,9
1958,9,9
1959,5,5
1960,6,6
1961,4,4
1962,9,9
1963,0,0
1964,1,1
1965,7,7
1966,6,6
1967,1,1
1968,7,7
1969,9,9
1970,3,3
1971,9,9
1972,6,6
1973,8,8
1974,7,7
1975,8,8
1976,8,8
1977,7,7
1978,7,7
1979,1,1
1980,9,9
1981,0,0
1982,8,9
1983,7,9
1984,5,5
1985,7,7
1986,3,2
1987,0,0
1988,7,7
1989,3,3
1990,1,1
1991,1,1
1992,4,4
1993,0,0
1994,2,7
1995,8,8
1996,7,7
1997,0,0
1998,3,3
1999,1,1
2000,1,1
2001,0,0
2002,6,6
2003,1,1
2004,7,7
2005,1,1
2006,1,1
2007,4,4
2008,7,7
2009,7,7
2010,4,4
2011,2,2
2012,2,2
2013,8,8
2014,9,9
2015,7,7
2016,1,1
2017,2,2
2018,0,0
2019,1,1
2020,3,2
2021,2,2
2022,2,2
2023,6,6
2024,8,6
2025,5,5
2026,2,2
2027,3,3
2028,1,1
2029,0,0
2030,3,3
2031,0,0
2032,0,0
2033,3,3
2034,2,2
2035,3,0
2036,9,9
2037,7,4
2038,8,8
2039,3,3
2040,4,4
2041,1,1
2042,0,0
2043,9,9
2044,7,7
2045,9,4
2046,1,9
2047,3,2
2048,7,7
2049,6,6
2050,2,2
2051,2,2
2052,1,1
2053,8,8
2054,5,5
2055,7,7
2056,0,0
2057,7,7
2058,3,3
2059,2,2
2060,8,9
2061,0,0
2062,0,0
2063,8,8
2064,6,6
2065,7,7
2066,8,8
2067,6,6
2068,6,6
2069,6,6
2070,3,3
2071,3,5
2072,5,9
2073,3,3
2074,4,4
2075,7,9
2076,3,5
2077,5,3
2078,0,0
2079,4,4
2080,4,4
2081,9,9
2082,5,5
2083,7,7
2084,3,9
2085,9,9
2086,3,3
2087,7,7
2088,2,2
2089,8,8
2090,4,4
2091,6,6
2092,4,4
2093,4,4
2094,7,7
2095,6,6
2096,1,9
2097,5,5
2098,9,9
2099,8,8
2100,0,0
2101,1,1
2102,4,4
2103,3,3
2104,6,4
2105,2,2
2106,1,1
2107,4,4
2108,6,6
2109,7,7
2110,3,3
2111,0,0
2112,4,4
2113,3,9
2114,6,6
2115,6,6
2116,6,6
2117,1,1
2118,9,9
2119,7,7
2120,6,6
2121,6,6
2122,1,1
2123,6,6
2124,5,5
2125,9,9
2126,4,4
2127,2,2
2128,9,9
2129,6,6
2130,5,5
2131,9,9
2132,1,1
2133,9,4
2134,4,4
2135,1,1
2136,0,0
2137,0,0
2138,9,9
2139,5,7
2140,2,2
2141,1,1
2142,2,2
2143,8,8
2144,1,1
2145,9,9
2146,0,0
2147,6,6
2148,3,2
2149,3,3
2150,0,0
2151,0,0
2152,2,6
2153,6,6
2154,8,8
2155,1,1
2156,6,6
2157,1,6
2158,7,7
2159,5,5
2160,6,6
2161,6,6
2162,3,3
2163,0,0
2164,4,4
2165,2,2
2166,2,2
2167,8,8
2168,6,6
2169,4,4
2170,8,8
2171,4,4
2172,2,2
2173,3,3
2174,0,0
2175,4,4
2176,0,0
2177,5,5
2178,6,6
2179,5,6
2180,6,6
2181,0,0
2182,5,5
2183,3,2
2184,8,4
2185,3,3
2186,1,1
2187,7,7
2188,6,6
2189,3,3
2190,0,0
2191,8,9
2192,4,4
2193,7,7
2194,6,6
2195,7,7
2196,9,9
2197,7,7
2198,3,3
2199,3,3
2200,3,5
2201,2,2
2202,6,6
2203,1,1
2204,7,7
2205,7,9
2206,1,1
2207,8,8
2208,3,3
2209,9,9
2210,5,5
2211,1,1
2212,5,8
2213,0,0
2214,8,8
2215,3,3
2216,9,9
2217,6,6
2218,1,1
2219,7,7
2220,0,0
2221,0,0
2222,7,9
2223,5,5
2224,3,3
2225,1,5
2226,2,2
2227,7,7
2228,3,3
2229,9,9
2230,1,1
2231,2,2
2232,9,9
2233,6,6
2234,9,9
2235,9,9
2236,3,9
2237,9,4
2238,2,8
2239,2,2
2240,8,4
2241,2,9
2242,4,4
2243,0,0
2244,0,0
2245,1,1
2246,7,7
2247,6,6
2248,6,4
2249,1,1
2250,5,5
2251,7,7
2252,7,7
2253,9,9
2254,5,5
2255,4,0
2256,8,4
2257,7,9
2258,0,0
2259,9,9
2260,3,3
2261,0,0
2262,1,1
2263,4,4
2264,7,9
2265,8,8
2266,2,2
2267,5,5
2268,3,3
2269,1,1
2270,7,7
2271,9,9
2272,8,4
2273,1,1
2274,0,0
2275,8,8
2276,1,9
2277,6,6
2278,0,0
2279,1,1
2280,7,9
2281,8,8
2282,7,7
2283,4,4
2284,0,0
2285,2,5
2286,5,5
2287,0,0
2288,9,9
2289,4,4
2290,0,0
2291,9,9
2292,4,4
2293,8,9
2294,4,4
2295,0,0
2296,1,1
2297,3,3
2298,8,8
2299,0,0
2300,8,8
2301,8,5
2302,2,2
2303,3,3
2304,6,6
2305,2,2
2306,6,6
2307,6,6
2308,7,7
2309,9,9
2310,3,3
2311,8,8
2312,7,7
2313,0,0
2314,3,3
2315,3,3
2316,8,8
2317,8,8
2318,4,4
2319,8,4
2320,9,4
2321,2,2
2322,4,4
2323,5,5
2324,1,1
2325,0,0
2326,1,1
2327,4,4
2328,2,2
2329,0,0
2330,5,5
2331,4,9
2332,6,6
2333,1,1
2334,4,4
2335,9,9
2336,1,1
2337,8,8
2338,4,4
2339,1,1
2340,8,4
2341,3,9
2342,0,0
2343,6,6
2344,7,7
2345,9,9
2346,7,7
2347,8,0
2348,2,2
2349,8,8
2350,6,6
2351,4,4
2352,3,3
2353,4,4
2354,4,4
2355,6,6
2356,0,0
2357,3,3
2358,4,4
2359,5,8
2360,3,3
2361,8,8
2362,7,4
2363,8,6
2364,0,0
2365,5,5
2366,2,0
2367,2,2
2368,9,9
2369,2,2
2370,2,2
2371,8,8
2372,9,9
2373,1,6
2374,4,4
2375,9,9
2376,7,7
2377,1,1
2378,0,0
2379,6,6
2380,7,7
2381,0,0
2382,0,0
2383,4,4
2384,6,6
2385,2,2
2386,9,9
2387,7,7
2388,9,2
2389,9,9
2390,0,0
2391,6,6
2392,9,9
2393,5,5
2394,0,0
2395,4,4
2396,6,6
2397,3,9
2398,4,4
2399,1,9
2400,7,7
2401,2,2
2402,8,2
2403,9,9
2404,3,3
2405,4,4
2406,6,6
2407,0,0
2408,8,5
2409,9,9
2410,4,4
2411,2,2
2412,0,0
2413,1,1
2414,2,2
2415,3,3
2416,1,9
2417,8,8
2418,1,1
2419,5,5
2420,9,9
2421,4,8
2422,3,3
2423,5,5
2424,4,4
2425,8,9
2426,7,7
2427,9,7
2428,6,6
2429,6,6
2430,2,9
2431,1,1
2432,4,4
2433,6,6
2434,5,5
2435,0,0
2436,7,7
2437,9,9
2438,9,9
2439,4,4
2440,3,3
2441,8,8
2442,7,7
2443,0,0
2444,5,5
2445,2,2
2446,3,3
2447,1,1
2448,3,3
2449,6,6
2450,6,6
2451,9,9
2452,7,7
2453,4,4
2454,9,9
2455,6,6
2456,7,7
2457,2,2
2458,8,8
2459,1,8
2460,7,7
2461,6,6
2462,9,9
2463,0,0
2464,3,3
2465,2,2
2466,9,9
2467,4,4
2468,7,7
2469,3,3
2470,0,0
2471,0,0
2472,2,2
2473,7,7
2474,7,7
2475,5,5
2476,7,7
2477,7,7
2478,5,5
2479,4,4
2480,2,2
2481,4,4
2482,8,8
2483,1,1
2484,8,9
2485,5,5
2486,0,0
2487,5,5
2488,0,0
2489,0,0
2490,7,7
2491,8,8
2492,8,8
2493,9,9
2494,2,2
2495,3,5
2496,1,1
2497,7,7
2498,2,2
2499,4,4
2500,3,3
2501,9,9
2502,7,7
2503,8,8
2504,3,5
2505,3,3
2506,6,6
2507,8,0
2508,9,9
2509,4,4
2510,0,0
2511,7,2
2512,1,1
2513,7,7
2514,4,4
2515,1,1
2516,6,6
2517,3,3
2518,0,0
2519,6,6
2520,1,1
2521,6,6
2522,7,7
2523,6,6
2524,9,9
2525,4,4
2526,5,5
2527,4,4
2528,6,6
2529,2,2
2530,9,9
2531,7,7
2532,7,7
2533,4,4
2534,5,5
2535,0,0
2536,5,5
2537,9,9
2538,6,6
2539,3,2
2540,6,6
2541,3,3
2542,9,9
2543,9,9
2544,2,0
2545,9,9
2546,0,0
2547,8,9
2548,1,1
2549,4,4
2550,0,0
2551,1,1
2552,7,7
2553,9,4
2554,2,2
2555,9,9
2556,5,5
2557,2,2
2558,8,5
2559,3,3
2560,8,7
2561,2,2
2562,4,4
2563,8,9
2564,3,3
2565,3,3
2566,5,5
2567,2,2
2568,6,6
2569,1,1
2570,8,8
2571,2,9
2572,6,6
2573,7,7
2574,8,8
2575,0,0
2576,6,6
2577,5,5
2578,6,6
2579,2,2
2580,3,9
2581,1,1
2582,9,9
2583,6,6
2584,4,4
2585,6,6
2586,6,6
2587,0,0
2588,8,5
2589,3,3
2590,2,2
2591,5,8
2592,4,4
2593,5,5
2594,6,6
2595,4,4
2596,6,6
2597,7,7
2598,1,8
2599,4,4
2600,2,2
2601,8,5
2602,1,1
2603,6,6
2604,9,9
2605,9,9
2606,2,2
2607,7,7
2608,4,4
2609,9,9
2610,5,5
2611,5,6
2612,4,6
2613,5,5
2614,6,6
2615,5,5
2616,2,2
2617,3,3
2618,4,4
2619,2,2
2620,8,5
2621,2,2
2622,1,1
2623,9,9
2624,4,4
2625,4,4
2626,7,7
2627,8,5
2628,6,6
2629,8,8
2630,8,8
2631,4,4
2632,6,8
2633,0,0
2634,5,5
2635,6,6
2636,5,5
2637,1,1
2638,5,6
2639,1,1
2640,8,8
2641,2,2
2642,0,0
2643,9,9
2644,6,6
2645,8,8
2646,2,2
2647,2,2
2648,8,8
2649,4,4
2650,4,4
2651,2,2
2652,2,2
2653,5,5
2654,3,3
2655,7,7
2656,5,5
2657,5,3
2658,1,8
2659,9,4
2660,1,1
2661,6,6
2662,3,3
2663,8,8
2664,8,9
2665,4,4
2666,0,0
2667,0,0
2668,1,1
2669,9,9
2670,4,4
2671,2,3
2672,4,4
2673,4,4
2674,1,1
2675,2,2
2676,7,7
2677,9,9
2678,9,9
2679,8,8
2680,3,3
2681,2,6
2682,4,4
2683,7,7
2684,3,3
2685,8,8
2686,6,6
2687,6,6
2688,2,2
2689,2,2
2690,9,4
2691,6,6
2692,6,6
2693,4,4
2694,3,3
2695,6,6
2696,9,9
2697,4,4
2698,6,6
2699,2,2
2700,9,9
2701,9,9
2702,7,7
2703,3,3
2704,3,7
2705,3,3
2706,9,9
2707,2,2
2708,6,6
2709,8,0
2710,9,9
2711,6,6
2712,9,9
2713,2,2
2714,2,2
2715,8,8
2716,0,0
2717,8,8
2718,8,8
2719,0,0
2720,5,5
2721,0,0
2722,2,2
2723,6,6
2724,1,1
2725,6,6
2726,4,4
2727,1,1
2728,4,4
2729,1,1
2730,0,0
2731,1,1
2732,8,8
2733,8,8
2734,9,9
2735,0,0
2736,7,7
2737,2,9
2738,6,6
2739,2,2
2740,0,0
2741,3,3
2742,5,5
2743,0,0
2744,3,3
2745,4,4
2746,4,4
2747,9,9
2748,8,8
2749,3,3
2750,9,9
2751,2,2
2752,4,4
2753,6,6
2754,2,2
2755,7,7
2756,4,4
2757,3,3
2758,4,4
2759,0,0
2760,4,4
2761,7,7
2762,0,0
2763,0,0
2764,5,5
2765,3,3
2766,5,5
2767,4,4
2768,9,9
2769,8,8
2770,7,7
2771,1,1
2772,5,5
2773,1,9
2774,4,4
2775,1,1
2776,4,8
2777,9,9
2778,5,8
2779,2,8
2780,1,1
2781,5,5
2782,9,9
2783,5,5
2784,7,7
2785,4,4
2786,3,3
2787,9,9
2788,3,3
2789,4,2
2790,4,4
2791,3,3
2792,0,0
2793,1,9
2794,3,3
2795,7,7
2796,7,7
2797,2,2
2798,4,4
2799,1,1
2800,7,7
2801,1,1
2802,7,7
2803,9,9
2804,5,5
2805,3,3
2806,4,4
2807,8,8
2808,8,8
2809,7,7
2810,9,5
2811,3,3
2812,3,3
2813,2,6
2814,6,4
2815,8,8
2816,7,7
2817,0,6
2818,6,6
2819,7,7
2820,1,1
2821,1,1
2822,1,1
2823,4,9
2824,6,6
2825,6,6
2826,3,3
2827,1,1
2828,8,8
2829,3,3
2830,5,5
2831,7,9
2832,2,2
2833,7,7
2834,1,1
2835,9,4
2836,1,1
2837,7,9
2838,2,2
2839,1,1
2840,4,4
2841,9,9
2842,7,7
2843,6,6
2844,3,3
2845,7,7
2846,8,8
2847,7,4
2848,7,7
2849,9,9
2850,4,4
2851,8,8
2852,6,8
2853,2,2
2854,6,6
2855,6,6
2856,9,9
2857,0,0
2858,3,3
2859,6,6
2860,5,5
2861,5,5
2862,1,1
2863,4,4
2864,9,9
2865,5,5
2866,0,0
2867,8,5
2868,1,1
2869,7,7
2870,7,7
2871,0,9
2872,5,5
2873,4,4
2874,5,5
2875,6,6
2876,8,8
2877,7,7
2878,5,5
2879,4,4
2880,1,1
2881,9,9
2882,0,0
2883,1,1
2884,7,7
2885,4,4
2886,6,6
2887,9,9
2888,0,0
2889,5,5
2890,8,8
2891,0,0
2892,0,0
2893,4,4
2894,3,9
2895,4,4
2896,0,0
2897,7,7
2898,9,4
2899,3,2
2900,0,0
2901,8,9
2902,8,8
2903,2,2
2904,3,3
2905,2,2
2906,0,0
2907,0,0
2908,8,8
2909,9,9
2910,4,4
2911,7,2
2912,2,2
2913,7,7
2914,9,9
2915,9,9
2916,4,4
2917,6,6
2918,7,7
2919,1,1
2920,5,5
2921,1,1
2922,7,7
2923,1,1
2924,2,2
2925,6,6
2926,0,0
2927,3,5
2928,3,3
2929,6,6
2930,3,3
2931,1,1
2932,9,9
2933,8,8
2934,0,0
2935,0,0
2936,0,0
2937,0,0
2938,3,3
2939,4,4
2940,0,0
2941,2,4
2942,4,4
2943,3,3
2944,4,4
2945,6,6
2946,1,1
2947,0,0
2948,5,5
2949,3,3
2950,6,6
2951,7,7
2952,9,9
2953,2,2
2954,7,9
2955,0,0
2956,6,6
2957,3,2
2958,1,1
2959,3,3
2960,0,0
2961,0,0
2962,3,3
2963,6,4
2964,4,4
2965,1,1
2966,6,6
2967,0,0
2968,4,4
2969,3,6
2970,9,9
2971,0,0
2972,5,5
2973,5,8
2974,6,6
2975,2,2
2976,4,4
2977,6,6
2978,6,6
2979,0,0
2980,0,0
2981,0,0
2982,9,9
2983,2,2
2984,4,4
2985,2,2
2986,9,9
2987,3,3
2988,1,1
2989,1,1
2990,0,0
2991,9,9
2992,1,1
2993,2,2
2994,6,6
2995,5,5
2996,8,8
2997,2,2
2998,9,9
2999,0,0
3000,3,3
3001,7,7
3002,5,5
3003,1,1
3004,4,4
3005,1,1
3006,1,1
3007,9,9
3008,1,1
3009,3,3
3010,2,0
3011,8,8
3012,7,7
3013,3,3
3014,4,4
3015,7,7
3016,4,4
3017,6,6
3018,8,8
3019,4,4
3020,5,5
3021,5,5
3022,4,4
3023,1,1
3024,4,4
3025,0,0
3026,5,8
3027,6,6
3028,5,5
3029,3,3
3030,9,9
3031,0,0
3032,7,7
3033,6,6
3034,2,2
3035,8,9
3036,1,1
3037,8,8
3038,0,0
3039,1,1
3040,3,3
3041,8,8
3042,1,1
3043,0,0
3044,8,9
3045,1,1
3046,5,8
3047,7,7
3048,3,3
3049,8,1
3050,7,7
3051,6,6
3052,9,9
3053,7,7
3054,2,9
3055,5,5
3056,8,8
3057,4,4
3058,1,1
3059,6,6
3060,4,4
3061,2,2
3062,4,4
3063,9,9
3064,4,0
3065,1,1
3066,1,8
3067,2,2
3068,7,7
3069,7,7
3070,3,3
3071,6,6
3072,1,1
3073,3,3
3074,5,5
3075,0,0
3076,9,9
3077,5,5
3078,2,2
3079,9,9
3080,1,1
3081,5,2
3082,9,9
3083,4,4
3084,2,2
3085,6,6
3086,9,9
3087,3,3
3088,1,1
3089,1,1
3090,4,2
3091,2,2
3092,4,4
3093,7,7
3094,1,1
3095,8,5
3096,2,2
3097,7,7
3098,9,9
3099,6,6
3100,1,1
3101,2,2
3102,5,6
3103,0,0
3104,7,7
3105,4,4
3106,1,1
3107,6,6
3108,9,9
3109,7,7
3110,1,1
3111,4,4
3112,0,0
3113,9,9
3114,5,5
3115,6,6
3116,2,2
3117,8,8
3118,2,2
3119,0,0
3120,5,5
3121,7,7
3122,4,4
3123,2,2
3124,1,1
3125,1,8
3126,9,9
3127,8,8
3128,8,5
3129,1,1
3130,0,0
3131,0,0
3132,9,9
3133,7,7
3134,5,5
3135,2,2
3136,2,2
3137,7,7
3138,7,7
3139,7,7
3140,1,1
3141,8,8
3142,1,9
3143,6,6
3144,3,3
3145,4,4
3146,0,0
3147,9,9
3148,7,7
3149,7,7
3150,4,4
3151,0,0
3152,3,3
3153,1,1
3154,2,8
3155,0,0
3156,5,5
3157,9,5
3158,3,3
3159,6,6
3160,7,7
3161,6,6
3162,9,9
3163,0,0
3164,1,1
3165,6,6
3166,4,4
3167,3,3
3168,3,9
3169,2,2
3170,7,7
3171,6,6
3172,4,4
3173,7,7
3174,9,9
3175,9,9
3176,4,4
3177,7,7
3178,7,7
3179,1,1
3180,5,5
3181,7,9
3182,6,6
3183,6,6
3184,1,1
3185,4,4
3186,5,0
3187,8,8
3188,2,2
3189,3,3
3190,0,0
3191,3,3
3192,6,6
3193,0,0
3194,2,2
3195,1,1
3196,0,0
3197,4,4
3198,7,4
3199,0,0
3200,9,9
3201,7,7
3202,3,3
3203,0,0
3204,0,0
3205,0,0
3206,5,0
3207,5,5
3208,0,0
3209,1,1
3210,1,1
3211,2,2
3212,7,7
3213,7,7
3214,7,7
3215,7,7
3216,8,1
3217,6,6
3218,1,1
3219,9,9
3220,3,9
3221,6,6
3222,6,6
3223,8,6
3224,4,4
3225,2,2
3226,9,9
3227,1,1
3228,4,4
3229,5,5
3230,2,2
3231,4,4
3232,3,9
3233,5,5
3234,4,4
3235,6,6
3236,6,6
3237,7,7
3238,8,8
3239,6,8
3240,5,5
3241,5,5
3242,9,9
3243,5,5
3244,6,6
3245,8,8
3246,2,8
3247,3,3
3248,7,7
3249,0,0
3250,2,2
3251,6,6
3252,7,9
3253,3,3
3254,5,5
3255,9,4
3256,4,4
3257,8,9
3258,8,9
3259,3,3
3260,5,5
3261,7,7
3262,2,2
3263,8,8
3264,7,7
3265,6,6
3266,9,9
3267,2,7
3268,4,4
3269,2,2
3270,0,9
3271,8,8
3272,5,2
3273,0,0
3274,1,1
3275,4,4
3276,7,7
3277,6,6
3278,6,6
3279,7,7
3280,9,9
3281,9,9
3282,9,9
3283,8,8
3284,4,4
3285,6,6
3286,6,6
3287,6,6
3288,0,0
3289,0,0
3290,0,0
3291,6,6
3292,0,0
3293,5,5
3294,0,0
3295,8,5
3296,9,4
3297,5,5
3298,8,8
3299,1,1
3300,0,0
3301,3,3
3302,1,1
3303,1,1
3304,0,0
3305,0,0
3306,4,2
3307,2,2
3308,8,5
3309,1,6
3310,4,9
3311,5,4
3312,5,9
3313,6,6
3314,0,0
3315,5,5
3316,1,1
3317,5,5
3318,6,6
3319,6,6
3320,0,6
3321,1,1
3322,9,9
3323,2,2
3324,7,7
3325,4,4
3326,1,1
3327,2,2
3328,5,5
3329,5,5
3330,4,4
3331,6,6
3332,3,3
3333,8,6
3334,2,2
3335,8,5
3336,8,8
3337,1,1
3338,7,7
3339,9,9
3340,7,7
3341,3,3
3342,5,5
3343,6,6
3344,2,2
3345,2,2
3346,6,6
3347,8,8
3348,0,0
3349,2,2
3350,8,5
3351,5,5
3352,6,6
3353,9,9
3354,1,1
3355,9,9
3356,9,9
3357,2,2
3358,4,4
3359,1,1
3360,5,8
3361,9,9
3362,2,2
3363,8,8
3364,9,9
3365,2,2
3366,3,3
3367,1,1
3368,2,2
3369,8,8
3370,3,3
3371,8,8
3372,9,9
3373,2,2
3374,3,8
3375,6,6
3376,9,9
3377,2,2
3378,7,7
3379,5,5
3380,1,1
3381,8,8
3382,6,6
3383,2,2
3384,0,0
3385,9,9
3386,3,6
3387,0,0
3388,9,9
3389,0,0
3390,1,1
3391,4,4
3392,4,7
3393,6,6
3394,1,1
3395,4,4
3396,6,6
3397,3,3
3398,0,0
3399,5,5
3400,7,7
3401,7,7
3402,6,6
3403,9,9
3404,0,0
3405,2,2
3406,6,6
3407,4,4
3408,2,2
3409,4,4
3410,7,7
3411,6,6
3412,8,9
3413,2,2
3414,6,6
3415,5,5
3416,6,6
3417,9,9
3418,6,6
3419,4,4
3420,9,9
3421,1,1
3422,5,5
3423,3,3
3424,3,3
3425,9,9
3426,7,7
3427,2,2
3428,7,7
3429,4,4
3430,4,4
3431,5,5
3432,3,6
3433,6,6
3434,8,8
3435,0,0
3436,0,0
3437,4,4
3438,7,7
3439,3,3
3440,8,8
3441,2,2
3442,7,7
3443,4,4
3444,4,4
3445,6,6
3446,1,1
3447,4,4
3448,4,9
3449,2,2
3450,8,8
3451,4,4
3452,7,9
3453,4,4
3454,5,5
3455,2,2
3456,1,1
3457,7,7
3458,9,4
3459,4,4
3460,3,2
3461,6,6
3462,1,8
3463,8,8
3464,8,8
3465,0,0
3466,7,4
3467,2,2
3468,1,1
3469,5,5
3470,4,4
3471,2,2
3472,4,4
3473,5,5
3474,4,4
3475,9,7
3476,4,4
3477,6,6
3478,2,2
3479,5,4
3480,2,2
3481,2,2
3482,8,8
3483,8,9
3484,1,1
3485,5,0
3486,7,7
3487,9,9
3488,5,0
3489,4,9
3490,0,0
3491,4,4
3492,7,7
3493,1,1
3494,8,8
3495,2,2
3496,4,4
3497,5,5
3498,3,3
3499,5,5
3500,4,4
3501,1,1
3502,0,0
3503,6,6
3504,2,2
3505,1,1
3506,3,3
3507,0,0
3508,5,5
3509,6,6
3510,7,7
3511,9,4
3512,8,8
3513,1,1
3514,0,0
3515,3,9
3516,2,2
3517,6,6
3518,5,5
3519,1,1
3520,9,9
3521,9,9
3522,5,5
3523,1,2
3524,8,8
3525,9,9
3526,3,7
3527,6,6
3528,4,4
3529,2,2
3530,4,4
3531,5,5
3532,8,6
3533,7,7
3534,7,4
3535,1,2
3536,9,9
3537,3,3
3538,9,9
3539,4,4
3540,8,8
3541,8,8
3542,0,0
3543,4,4
3544,2,2
3545,1,1
3546,3,3
3547,0,0
3548,3,3
3549,3,3
3550,4,4
3551,5,5
3552,8,8
3553,2,2
3554,1,2
3555,1,1
3556,0,0
3557,6,6
3558,1,1
3559,1,1
3560,5,9
3561,1,1
3562,5,9
3563,3,3
3564,7,7
3565,1,1
3566,0,0
3567,1,1
3568,6,6
3569,1,1
3570,2,2
3571,0,0
3572,9,9
3573,2,2
3574,9,9
3575,3,6
3576,3,9
3577,4,4
3578,9,9
3579,9,9
3580,4,4
3581,9,9
3582,6,6
3583,9,9
3584,2,3
3585,4,4
3586,3,5
3587,8,8
3588,9,9
3589,4,4
3590,0,0
3591,3,3
3592,4,4
3593,0,0
3594,1,1
3595,7,7
3596,9,9
3597,6,6
3598,5,8
3599,3,2
3600,9,9
3601,0,0
3602,0,0
3603,1,1
3604,4,4
3605,0,0
3606,2,2
3607,2,2
3608,8,9
3609,6,6
3610,8,8
3611,3,3
3612,7,7
3613,0,0
3614,7,7
3615,1,1
3616,8,6
3617,7,7
3618,1,1
3619,5,5
3620,1,1
3621,4,4
3622,5,5
3623,8,7
3624,6,6
3625,5,5
3626,7,7
3627,3,3
3628,4,4
3629,4,4
3630,5,5
3631,6,6
3632,6,6
3633,6,6
3634,9,9
3635,7,7
3636,7,7
3637,4,4
3638,1,1
3639,9,9
3640,7,7
3641,2,2
3642,1,1
3643,8,8
3644,0,0
3645,1,1
3646,9,9
3647,9,9
3648,0,0
3649,1,1
3650,7,7
3651,8,9
3652,1,1
3653,6,6
3654,7,7
3655,8,8
3656,8,9
3657,1,1
3658,6,6
3659,2,2
3660,0,0
3661,9,9
3662,1,1
3663,2,2
3664,7,7
3665,7,7
3666,7,7
3667,7,7
3668,5,0
3669,6,6
3670,0,0
3671,0,0
3672,4,9
3673,0,0
3674,9,9
3675,0,0
3676,9,9
3677,5,5
3678,5,5
3679,7,7
3680,7,7
3681,7,7
3682,6,6
3683,7,7
3684,3,3
3685,7,7
3686,9,9
3687,4,4
3688,3,3
3689,1,1
3690,9,9
3691,6,6
3692,4,2
3693,1,1
3694,3,3
3695,1,1
3696,6,6
3697,9,9
3698,8,8
3699,0,0
3700,3,3
3701,9,9
3702,1,1
3703,1,1
3704,3,3
3705,6,6
3706,8,9
3707,9,9
3708,3,3
3709,7,7
3710,3,3
3711,5,5
3712,2,2
3713,5,4
3714,8,8
3715,7,7
3716,0,0
3717,0,0
3718,5,2
3719,1,1
3720,8,8
3721,8,9
3722,5,5
3723,8,8
3724,6,6
3725,4,4
3726,2,2
3727,2,2
3728,0,0
3729,9,9
3730,1,1
3731,9,9
3732,6,6
3733,9,9
3734,8,9
3735,0,0
3736,2,2
3737,4,4
3738,4,4
3739,1,1
3740,8,8
3741,0,0
3742,6,6
3743,6,6
3744,0,0
3745,3,5
3746,8,8
3747,6,6
3748,6,6
3749,8,8
3750,5,5
3751,3,3
3752,4,4
3753,9,9
3754,2,2
3755,6,6
3756,0,0
3757,3,3
3758,6,6
3759,0,0
3760,4,4
3761,3,3
3762,7,7
3763,1,1
3764,3,3
3765,6,6
3766,4,4
3767,4,4
3768,7,7
3769,7,7
3770,4,4
3771,3,2
3772,9,7
3773,1,1
3774,7,7
3775,4,4
3776,3,3
3777,6,0
3778,9,9
3779,3,3
3780,5,5
3781,0,0
3782,1,1
3783,9,9
3784,3,3
3785,5,5
3786,8,6
3787,9,7
3788,1,1
3789,5,5
3790,2,2
3791,1,1
3792,5,5
3793,1,1
3794,3,3
3795,9,7
3796,1,1
3797,3,3
3798,6,6
3799,6,6
3800,3,3
3801,3,3
3802,2,2
3803,3,2
3804,9,9
3805,0,0
3806,2,2
3807,0,0
3808,0,0
3809,9,4
3810,3,2
3811,1,1
3812,6,6
3813,8,9
3814,3,3
3815,3,2
3816,6,6
3817,7,7
3818,3,3
3819,3,3
3820,0,0
3821,8,8
3822,9,7
3823,2,2
3824,0,0
3825,5,5
3826,2,7
3827,3,3
3828,6,6
3829,9,7
3830,1,1
3831,4,4
3832,4,4
3833,6,6
3834,0,0
3835,4,4
3836,7,7
3837,3,3
3838,3,3
3839,6,6
3840,5,5
3841,2,2
3842,4,4
3843,4,4
3844,8,8
3845,9,9
3846,1,1
3847,1,1
3848,7,7
3849,9,9
3850,2,3
3851,8,9
3852,6,6
3853,2,2
3854,1,1
3855,7,7
3856,9,9
3857,4,4
3858,7,7
3859,8,9
3860,1,1
3861,0,0
3862,6,6
3863,3,3
3864,2,2
3865,1,1
3866,9,9
3867,7,4
3868,0,0
3869,6,6
3870,5,5
3871,0,0
3872,4,4
3873,6,6
3874,8,8
3875,8,5
3876,2,2
3877,4,4
3878,4,8
3879,7,7
3880,3,4
3881,2,7
3882,6,6
3883,9,9
3884,7,7
3885,1,1
3886,1,1
3887,0,0
3888,1,1
3889,2,2
3890,7,7
3891,4,4
3892,3,3
3893,9,9
3894,8,2
3895,1,1
3896,1,1
3897,9,9
3898,3,3
3899,5,5
3900,1,1
3901,7,7
3902,3,3
3903,6,6
3904,2,0
3905,4,4
3906,4,4
3907,6,6
3908,4,4
3909,3,3
3910,0,0
3911,8,5
3912,1,1
3913,4,4
3914,1,1
3915,3,3
3916,1,1
3917,7,7
3918,3,0
3919,2,2
3920,0,2
3921,3,3
3922,8,8
3923,1,1
3924,2,2
3925,6,6
3926,7,7
3927,2,2
3928,3,9
3929,3,5
3930,1,1
3931,4,4
3932,0,0
3933,1,9
3934,4,4
3935,9,9
3936,2,2
3937,8,8
3938,1,1
3939,5,5
3940,5,5
3941,5,5
3942,7,7
3943,8,9
3944,6,6
3945,1,1
3946,5,5
3947,6,6
3948,9,7
3949,5,8
3950,8,8
3951,2,2
3952,3,5
3953,8,8
3954,8,5
3955,6,6
3956,7,7
3957,1,9
3958,4,4
3959,5,5
3960,1,1
3961,6,6
3962,5,5
3963,8,8
3964,0,0
3965,2,2
3966,1,1
3967,1,1
3968,7,7
3969,3,6
3970,1,1
3971,2,2
3972,1,1
3973,1,1
3974,4,4
3975,5,5
3976,5,2
3977,4,4
3978,9,9
3979,7,7
3980,9,9
3981,4,9
3982,8,8
3983,7,7
3984,4,4
3985,1,1
3986,1,1
3987,4,4
3988,1,1
3989,3,5
3990,4,4
3991,7,7
3992,2,2
3993,9,9
3994,1,1
3995,8,8
3996,9,9
3997,2,2
3998,8,9
3999,2,2
4000,4,4
4001,6,6
4002,0,0
4003,9,4
4004,2,2
4005,3,3
4006,4,4
4007,4,4
4008,3,3
4009,9,9
4010,2,2
4011,4,4
4012,4,4
4013,4,4
4014,7,7
4015,2,2
4016,8,4
4017,7,7
4018,3,2
4019,3,3
4020,0,0
4021,5,5
4022,0,0
4023,5,5
4024,3,3
4025,1,1
4026,9,9
4027,6,6
4028,4,4
4029,0,0
4030,1,1
4031,7,7
4032,6,6
4033,9,9
